geo,year,oop_health_expenditure_share_pc
AT,2008,18.81
AT,2009,18.6
AT,2010,19.24
AT,2011,19.31
AT,2012,19.14
AT,2013,19.6
AT,2014,19.61
AT,2015,19.85
AT,2016,20.05
AT,2017,20.11
AT,2018,19.29
AT,2019,18.76
AT,2020,17.17
AT,2021,16.03
AT,2022,16.29
AT,2023,16.48
AT,2024,16.46
BA,2013,29.07
BA,2014,28.92
BA,2015,28.8
BA,2016,28.61
BA,2017,29.12
BA,2018,29.31
BA,2019,29.35
BA,2020,28.86
BA,2021,30.71
BA,2022,30.88
BA,2023,30.96
BE,2008,19.95
BE,2009,21.65
BE,2010,21.37
BE,2011,20.56
BE,2012,20.43
BE,2013,20.55
BE,2014,20.01
BE,2015,19.44
BE,2016,18.94
BE,2017,19.13
BE,2018,19.37
BE,2019,20.6
BE,2020,19.3
BE,2021,20.34
BE,2022,21.41
BE,2023,21.51
BG,2011,44.46
BG,2012,47.74
BG,2013,41.86
BG,2014,40.24
BG,2015,42.51
BG,2016,43.25
BG,2017,42.19
BG,2018,39.33
BG,2019,37.8
BG,2020,35.53
BG,2021,33.73
BG,2022,35.08
BG,2023,35.5
CH,2010,24.07
CH,2011,23.56
CH,2012,23.35
CH,2013,22.77
CH,2014,22.61
CH,2015,22.05
CH,2016,21.27
CH,2017,21.56
CH,2018,21.84
CH,2019,21.84
CH,2020,20.72
CH,2021,21.36
CH,2022,21.74
CH,2023,22.03
CH,2024,21.61
CY,2010,43.11
CY,2011,41.37
CY,2012,42.37
CY,2013,42.6
CY,2014,45.11
CY,2015,43.62
CY,2016,44.61
CY,2017,44.76
CY,2018,44.36
CY,2019,33.73
CY,2020,21.37
CY,2021,16.23
CY,2022,18.04
CY,2023,17.94
CZ,2010,13.85
CZ,2011,14.21
CZ,2012,14.22
CZ,2013,14.33
CZ,2014,14.46
CZ,2015,14.51
CZ,2016,14.29
CZ,2017,14.14
CZ,2018,14.16
CZ,2019,14.31
CZ,2020,11.08
CZ,2021,12.48
CZ,2022,14.29
CZ,2023,14.6
CZ,2024,14.06
DE,2008,13.46
DE,2009,13.26
DE,2010,13.3
DE,2011,13.32
DE,2012,13.49
DE,2013,12.69
DE,2014,12.35
DE,2015,12.35
DE,2016,12.19
DE,2017,12.02
DE,2018,12.18
DE,2019,12.38
DE,2020,11.34
DE,2021,11.36
DE,2022,10.43
DE,2023,11.05
DE,2024,10.71
DK,2010,13.71
DK,2011,13.9
DK,2012,13.51
DK,2013,13.35
DK,2014,13.34
DK,2015,13.46
DK,2016,13.52
DK,2017,13.69
DK,2018,13.82
DK,2019,13.79
DK,2020,13.38
DK,2021,13.3
DK,2022,13.19
DK,2023,13.98
DK,2024,13.87
EE,2008,21.39
EE,2009,21.23
EE,2010,22.81
EE,2011,22.53
EE,2012,22.54
EE,2013,23.61
EE,2014,23.52
EE,2015,23.72
EE,2016,23.74
EE,2017,24.81
EE,2018,24.51
EE,2019,23.92
EE,2020,21.43
EE,2021,22.15
EE,2022,23.14
EE,2023,22.1
EE,2024,21.38
EL,2009,29.5
EL,2010,28.26
EL,2011,31.16
EL,2012,30.45
EL,2013,33.74
EL,2014,37.2
EL,2015,36.03
EL,2016,34.31
EL,2017,35.0
EL,2018,36.08
EL,2019,33.64
EL,2020,33.45
EL,2021,33.32
EL,2022,33.54
EL,2023,34.3
ES,2008,21.78
ES,2009,20.15
ES,2010,21.37
ES,2011,21.66
ES,2012,23.17
ES,2013,24.24
ES,2014,24.65
ES,2015,23.87
ES,2016,23.62
ES,2017,24.09
ES,2018,24.15
ES,2019,23.85
ES,2020,21.66
ES,2021,21.3
ES,2022,21.03
ES,2023,20.86
FI,2008,18.57
FI,2009,18.32
FI,2010,18.8
FI,2011,18.15
FI,2012,17.46
FI,2013,17.79
FI,2014,17.64
FI,2015,18.63
FI,2016,19.27
FI,2017,19.05
FI,2018,18.37
FI,2019,17.42
FI,2020,16.47
FI,2021,16.66
FI,2022,16.1
FI,2023,14.09
FR,2008,10.03
FR,2009,10.17
FR,2010,11.44
FR,2011,11.45
FR,2012,11.33
FR,2013,11.15
FR,2014,11.1
FR,2015,10.98
FR,2016,10.71
FR,2017,10.64
FR,2018,10.45
FR,2019,10.32
FR,2020,9.42
FR,2021,9.17
FR,2022,9.25
FR,2023,9.26
FR,2024,9.23
GE,2023,58.76
HR,2013,8.83
HR,2014,11.28
HR,2015,10.95
HR,2016,10.97
HR,2017,10.97
HR,2018,11.39
HR,2019,11.46
HR,2020,10.45
HR,2021,9.4
HR,2022,9.19
HR,2023,9.38
HU,2008,26.38
HU,2009,26.27
HU,2010,27.45
HU,2011,28.24
HU,2012,29.4
HU,2013,28.38
HU,2014,28.36
HU,2015,27.49
HU,2016,27.69
HU,2017,27.25
HU,2018,26.79
HU,2019,27.79
HU,2020,26.15
HU,2021,24.64
HU,2022,24.01
HU,2023,23.06
HU,2024,26.77
IE,2011,13.58
IE,2012,13.33
IE,2013,13.76
IE,2014,13.99
IE,2015,13.51
IE,2016,13.47
IE,2017,13.11
IE,2018,12.66
IE,2019,12.66
IE,2020,11.44
IE,2021,11.53
IE,2022,11.55
IE,2023,11.3
IE,2024,10.61
IS,2011,18.39
IS,2012,18.46
IS,2013,18.14
IS,2014,17.85
IS,2015,17.51
IS,2016,16.75
IS,2017,16.32
IS,2018,15.82
IS,2019,15.43
IS,2020,14.87
IS,2021,14.54
IS,2022,13.67
IS,2023,14.69
IS,2024,14.88
IT,2012,22.55
IT,2013,22.74
IT,2014,22.96
IT,2015,23.8
IT,2016,23.69
IT,2017,24.13
IT,2018,23.97
IT,2019,23.87
IT,2020,21.48
IT,2021,22.81
IT,2022,23.32
IT,2023,23.65
IT,2024,22.31
LI,2013,19.26
LI,2014,20.45
LI,2015,20.53
LI,2016,21.18
LI,2017,23.29
LI,2018,23.16
LI,2019,21.6
LI,2020,18.04
LI,2021,19.12
LI,2022,19.56
LI,2023,19.72
LT,2008,28.17
LT,2009,26.82
LT,2010,27.59
LT,2011,28.22
LT,2012,31.8
LT,2013,32.82
LT,2014,31.49
LT,2015,31.84
LT,2016,32.32
LT,2017,32.64
LT,2018,31.52
LT,2019,32.27
LT,2020,28.66
LT,2021,29.93
LT,2022,31.8
LT,2023,31.02
LT,2024,31.43
LU,2011,10.88
LU,2012,11.47
LU,2013,11.2
LU,2014,11.07
LU,2015,10.72
LU,2016,10.74
LU,2017,10.66
LU,2018,10.44
LU,2019,9.59
LU,2020,8.39
LU,2021,8.8
LU,2022,8.67
LU,2023,8.77
LU,2024,8.5
LV,2013,38.47
LV,2014,39.11
LV,2015,40.45
LV,2016,43.32
LV,2017,41.79
LV,2018,39.18
LV,2019,35.11
LV,2020,31.87
LV,2021,26.98
LV,2022,30.74
LV,2023,35.06
MD,2022,31.71
MD,2023,27.47
ME,2022,25.47
ME,2023,26.33
MT,2014,36.76
MT,2015,37.47
MT,2016,35.14
MT,2017,35.22
MT,2018,34.3
MT,2019,34.13
MT,2020,30.3
MT,2021,29.67
MT,2022,30.02
MT,2023,30.93
NL,2008,9.92
NL,2009,9.07
NL,2010,9.1
NL,2011,9.48
NL,2012,10.09
NL,2013,11.53
NL,2014,11.59
NL,2015,11.29
NL,2016,11.28
NL,2017,11.05
NL,2018,10.79
NL,2019,10.42
NL,2020,9.28
NL,2021,10.91
NL,2022,11.93
NL,2023,12.03
NL,2024,11.79
NO,2008,15.66
NO,2009,15.25
NO,2010,15.05
NO,2011,15.21
NO,2012,14.8
NO,2013,14.59
NO,2014,14.38
NO,2015,14.14
NO,2016,14.27
NO,2017,14.51
NO,2018,13.97
NO,2019,13.92
NO,2020,13.79
NO,2021,13.85
NO,2022,14.08
PL,2013,23.65
PL,2014,23.13
PL,2015,23.25
PL,2016,22.94
PL,2017,22.74
PL,2018,20.42
PL,2019,20.09
PL,2020,19.53
PL,2021,19.85
PL,2022,18.43
PL,2023,15.85
PL,2024,16.21
PT,2008,26.39
PT,2009,25.1
PT,2010,24.71
PT,2011,26.65
PT,2012,29.58
PT,2013,28.79
PT,2014,29.33
PT,2015,29.53
PT,2016,29.43
PT,2017,29.69
PT,2018,29.92
PT,2019,30.61
PT,2020,28.02
PT,2021,29.12
PT,2022,29.14
PT,2023,29.31
PT,2024,28.19
RO,2011,24.28
RO,2012,22.43
RO,2013,20.18
RO,2014,20.31
RO,2015,21.28
RO,2016,20.75
RO,2017,20.49
RO,2018,19.46
RO,2019,18.88
RO,2020,19.03
RO,2021,20.94
RO,2022,21.42
RO,2023,22.96
RS,2021,32.93
RS,2022,30.8
RS,2023,32.14
SE,2008,16.47
SE,2009,16.56
SE,2010,16.51
SE,2011,14.52
SE,2012,14.8
SE,2013,14.93
SE,2014,14.94
SE,2015,15.03
SE,2016,14.63
SE,2017,14.24
SE,2018,14.22
SE,2019,13.92
SE,2020,12.92
SE,2021,13.09
SE,2022,13.13
SE,2023,12.96
SE,2024,13.38
SI,2014,12.98
SI,2015,12.47
SI,2016,11.98
SI,2017,12.32
SI,2018,11.98
SI,2019,11.66
SI,2020,12.47
SI,2021,12.88
SI,2022,12.43
SI,2023,12.39
SI,2024,11.74
SK,2012,23.23
SK,2013,23.32
SK,2014,18.01
SK,2015,18.44
SK,2016,18.19
SK,2017,18.71
SK,2018,18.91
SK,2019,19.16
SK,2020,18.75
SK,2021,19.4
SK,2022,19.26
SK,2023,20.15
UK,2013,15.18
UK,2014,15.16
UK,2015,15.23
UK,2016,15.37
UK,2017,15.72
UK,2018,15.88
UK,2019,15.87
