geo,year,unmet_need_pc,status,gdp_per_capita_eur,unemployment_rate_pc,poverty_or_social_exclusion_pc,government_health_expenditure_gdp_pc,compulsory_health_financing_gdp_pc,physicians_per_100k,hospital_beds_per_100k,oop_health_expenditure_share_pc,gini_income,long_term_unemployment_rate_pc,log_gdp_per_capita,log_oop_health_expenditure_share,gdp_per_capita_eur_lag1,unemployment_rate_pc_lag1,poverty_or_social_exclusion_pc_lag1,physicians_per_100k_lag1,gdp_per_capita_growth,unemployment_rate_change
AT,2015,0.1,,39640.0,6.1,16.9,8.3,7.74,494.14,735.29,19.85,27.2,2.0,10.587593988443924,3.03735394824481,38640.0,6.0,,484.14,0.025879917184265,0.0999999999999996
BE,2015,2.4,,36860.0,8.7,21.6,7.8,8.26,296.97,573.99,19.44,26.2,4.0,10.514882231223812,3.017493765335504,36130.0,8.7,,291.15,0.0202048159424301,0.0
BG,2015,4.7,,6560.0,10.1,43.3,5.3,4.15,435.19,779.29,42.51,37.0,6.3,8.788745881938135,3.772990796732589,6080.0,12.4,,431.16,0.0789473684210526,-2.3000000000000007
CH,2015,0.5,,76770.0,4.8,18.2,2.1,7.3,406.83,458.49,22.05,29.6,1.8,11.248569217821943,3.1376657694426577,68270.0,4.9,,395.4,0.1245056393730774,-0.1000000000000005
CY,2015,1.5,,20810.0,15.0,22.8,2.5,2.86,342.17,325.21,43.62,33.6,6.8,9.94318891938768,3.7981821890043865,20320.0,16.1,,323.52,0.0241141732283464,-1.1000000000000014
DE,2015,0.5,,37950.0,4.4,20.0,7.0,9.23,407.29,800.25,12.35,30.1,2.1,10.544024782823776,2.5915163848462583,36960.0,4.7,,400.74,0.0267857142857142,-0.2999999999999998
EE,2015,12.7,,16000.0,6.4,23.6,5.6,4.87,339.06,478.71,23.72,34.8,2.4,9.680344001221918,3.20761263258949,15480.0,7.3,,333.48,0.0335917312661498,-0.8999999999999995
ES,2015,0.6,,23440.0,22.1,28.7,6.1,6.45,380.66,294.05,23.87,34.6,11.4,10.06219924369095,3.2136622578153133,22380.0,24.5,,376.53,0.0473637176050044,-2.3999999999999986
FI,2015,4.3,,38350.0,9.4,16.9,7.3,7.46,267.95,425.32,18.63,25.2,2.9,10.554509806795402,2.9770590082883697,37690.0,8.7,,266.35,0.0175112762005837,0.7000000000000011
FR,2015,1.2,,33200.0,10.3,18.4,8.2,8.71,307.16,606.14,10.98,29.2,3.1,10.41030515490458,2.4832385926873037,32620.0,10.3,,304.68,0.0177805027590435,0.0
HR,2015,1.9,,10960.0,16.2,24.4,6.8,5.5,338.4,589.84,10.95,30.4,10.2,9.302007560502007,2.48073127837752,10560.0,17.3,,335.17,0.0378787878787878,-1.1000000000000014
HU,2015,2.6,,11520.0,6.6,30.6,5.1,4.67,314.28,709.7,27.49,28.2,3.0,9.351839934249885,3.3495531485098167,10810.0,7.5,,338.04,0.0656799259944495,-0.9000000000000004
IE,2015,2.7,,57980.0,9.9,25.4,5.0,5.09,296.86,277.92,13.51,29.7,5.3,10.967853402475647,2.6748380668960965,43120.0,11.9,,283.97,0.3446196660482374,-2.0
IS,2015,4.3,,49180.0,4.0,12.6,7.1,6.51,349.87,289.08,17.51,24.7,0.5,10.803242315770184,2.9183111265854063,42350.0,4.9,,334.18,0.1612750885478158,-0.9000000000000004
IT,2015,7.2,,27620.0,12.0,28.4,7.0,6.55,389.69,324.43,23.8,32.4,7.4,10.226295426963285,3.210843653170937,27120.0,12.9,,394.35,0.0184365781710914,-0.9000000000000004
LT,2015,2.9,,12860.0,9.1,29.4,4.7,4.35,448.23,719.58,31.84,37.9,3.9,9.46187699779161,3.491647284584228,12400.0,10.7,,449.15,0.0370967741935483,-1.5999999999999996
LU,2015,0.9,,95090.0,6.7,18.4,4.9,4.25,311.13,460.18,10.72,28.5,1.9,11.46257909053349,2.4612967841488667,92760.0,5.9,,301.19,0.0251185855972401,0.7999999999999998
LV,2015,8.4,,12010.0,9.9,30.0,3.9,3.43,329.38,586.52,40.45,35.4,4.9,9.39349491507403,3.724487881581304,11430.0,10.9,,333.96,0.0507436570428696,-1.0
MT,2015,0.8,,23000.0,5.4,22.2,5.4,5.27,331.87,414.02,37.47,28.1,2.7,10.043249494911286,3.649878716764204,20620.0,5.7,,317.67,0.1154219204655674,-0.2999999999999998
NL,2015,0.1,,41270.0,7.9,16.4,7.6,8.29,342.23,342.07,11.29,26.7,2.7,10.627891122746629,2.5087859235779435,40240.0,8.4,,334.23,0.0255964214711729,-0.5
NO,2015,1.1,,69560.0,4.7,14.7,7.1,8.61,398.5,366.09,14.14,23.9,1.3,11.14994496846822,2.717340248009303,75740.0,3.8,,427.05,-0.0815949300237655,0.9000000000000004
PL,2015,7.3,,11390.0,7.7,22.5,4.6,4.41,232.9,663.71,23.25,30.6,3.0,9.340491056441229,3.188416617383492,10750.0,9.2,,230.92,0.0595348837209302,-1.4999999999999991
RO,2015,9.4,,8090.0,8.4,44.5,4.2,3.86,282.3,693.15,21.28,37.4,3.6,8.998384010052538,3.1036894150590832,7560.0,8.6,,276.7,0.0701058201058201,-0.1999999999999993
SE,2015,1.3,,46160.0,7.5,18.2,7.0,9.16,399.82,233.67,15.03,26.7,1.3,10.739868901181982,2.7744619666214616,44930.0,8.0,,389.43,0.0273759180948141,-0.5
SI,2015,0.2,,18660.0,9.0,17.7,6.7,6.17,280.17,447.64,12.47,24.5,4.7,9.834137474401334,2.6004649904222727,18080.0,9.7,,274.5,0.0320796460176991,-0.6999999999999993
AT,2016,0.2,,40690.0,6.5,17.2,8.3,7.71,503.72,731.91,20.05,27.2,2.4,10.613737640995735,3.0469005601283903,39640.0,6.1,16.9,494.14,0.0264883955600403,0.4000000000000003
BE,2016,2.5,,37810.0,7.9,22.2,7.6,8.31,304.08,570.15,18.94,26.3,3.7,10.54032889688498,2.9927277645336923,36860.0,8.7,21.6,296.97,0.0257731958762886,-0.7999999999999989
BG,2016,2.8,,7070.0,8.6,41.0,5.0,4.13,439.23,777.53,43.25,37.7,5.2,8.863615758890619,3.7898553714539385,6560.0,10.1,43.3,435.19,0.0777439024390243,-1.5
CH,2016,0.5,,75360.0,5.0,17.9,2.1,7.51,416.55,459.41,21.27,29.4,1.8,11.230031909250243,3.1032404812692764,76770.0,4.8,18.2,406.83,-0.0183665494333724,0.2000000000000001
CY,2016,0.6,,21930.0,13.0,22.6,2.5,2.79,360.48,327.79,44.61,32.1,5.8,9.995610841411931,3.820126990723609,20810.0,15.0,22.8,342.17,0.0538202787121576,-2.0
DE,2016,0.3,,39030.0,3.9,19.8,7.1,9.3,415.27,799.74,12.19,29.5,1.7,10.57208586017466,2.579458966729223,37950.0,4.4,20.0,407.29,0.0284584980237154,-0.5000000000000004
DK,2016,1.3,,49270.0,6.0,17.5,8.8,8.66,394.52,249.07,13.52,27.7,1.2,10.805070655538008,2.67552700939665,47900.0,6.3,18.6,384.73,0.0286012526096033,-0.2999999999999998
EE,2016,15.3,,16860.0,6.8,23.1,5.3,4.9,343.29,465.42,23.74,32.7,2.2,9.732699231555848,3.208421366964342,16000.0,6.4,23.6,339.06,0.05375,0.3999999999999994
ES,2016,0.5,,24190.0,19.6,28.8,6.0,6.35,378.8,293.84,23.62,34.5,9.5,10.093694603604073,3.2035591207563074,23440.0,22.1,28.7,380.66,0.0319965870307167,-2.5
FI,2016,4.1,,39250.0,8.9,16.5,7.2,7.21,273.47,395.31,19.27,25.4,2.9,10.577706723210554,3.0091419604639085,38350.0,9.4,16.9,267.95,0.0234680573663624,-0.5
FR,2016,1.3,,33530.0,10.1,18.7,8.3,9.5,309.47,600.24,10.71,29.3,3.1,10.420195839460272,2.460443177609626,33200.0,10.3,18.4,307.16,0.0099397590361445,-0.200000000000001
HR,2016,1.7,,11610.0,13.0,23.5,6.6,5.52,340.26,577.45,10.97,29.8,6.7,9.359622074691938,2.482403519569882,10960.0,16.2,24.4,338.4,0.0593065693430656,-3.1999999999999997
HU,2016,1.3,,11950.0,5.0,28.6,4.7,4.74,324.89,708.36,27.69,28.2,2.3,9.388486557359656,3.3565486299932736,11520.0,6.6,30.6,314.28,0.0373263888888888,-1.5999999999999996
IE,2016,2.5,,58060.0,8.4,23.8,5.2,5.3,307.23,284.23,13.47,29.6,4.2,10.969232237578622,2.6720775406433925,57980.0,9.9,25.4,296.86,0.0013797861331493,-1.5
IT,2016,5.5,,28360.0,11.7,27.8,6.8,6.45,400.63,321.51,23.69,33.1,7.1,10.252734980646064,3.206398303357088,27620.0,12.0,28.4,389.69,0.0267921795800144,-0.3000000000000007
LT,2016,3.1,,13490.0,7.9,30.0,4.8,4.43,455.59,682.49,32.32,37.0,3.0,9.509703949201802,3.506157817298642,12860.0,9.1,29.4,448.23,0.0489891135303265,-1.1999999999999993
LU,2016,0.4,,96230.0,6.3,19.1,4.8,4.24,323.51,456.76,10.74,29.6,2.2,11.474496438350446,2.4630018143999504,95090.0,6.7,18.4,311.13,0.0119886423388368,-0.4000000000000003
LV,2016,8.2,,12500.0,9.7,28.2,3.8,3.55,327.87,583.76,43.32,34.5,4.4,9.433483923290392,3.791436042439028,12010.0,9.9,30.0,329.38,0.0407993338884263,-0.200000000000001
MT,2016,1.0,,23900.0,4.7,20.2,5.2,5.48,353.57,431.47,35.14,28.6,2.4,10.081633737919605,3.5874002851640823,23000.0,5.4,22.2,331.87,0.0391304347826087,-0.7000000000000002
NL,2016,0.2,,42290.0,7.0,16.3,7.1,8.22,348.53,336.13,11.28,26.9,2.3,10.652305930466534,2.5079719227189963,41270.0,7.9,16.4,342.23,0.0247152895565786,-0.9000000000000004
NO,2016,1.1,,66180.0,4.9,14.4,7.4,8.99,414.68,362.09,14.27,25.0,1.6,11.100133581475603,2.725890119230541,69560.0,4.7,14.7,398.5,-0.0485911443358251,0.2000000000000001
PL,2016,6.6,,11270.0,6.3,20.6,4.6,4.53,241.57,663.99,22.94,29.8,2.2,9.329899607033822,3.1755507001298278,11390.0,7.7,22.5,232.9,-0.0105355575065847,-1.4000000000000004
RO,2016,6.5,,8500.0,7.2,46.0,4.1,3.98,288.32,694.14,20.75,34.7,3.4,9.047821442478408,3.079613757534693,8090.0,8.4,44.5,282.3,0.0506798516687268,-1.2000000000000002
SE,2016,1.6,,46790.0,7.1,17.7,7.1,9.23,410.59,226.87,14.63,27.6,1.2,10.753424783860265,2.749192144433385,46160.0,7.5,18.2,399.82,0.0136481802426343,-0.4000000000000003
SI,2016,0.4,,19380.0,8.0,16.9,6.8,6.23,299.1,445.29,11.98,24.4,4.3,9.871996885444757,2.563409711275944,18660.0,9.0,17.7,280.17,0.0385852090032154,-1.0
AT,2017,0.2,,41760.0,5.9,17.1,8.3,7.74,512.1,731.53,20.11,27.9,2.3,10.63969422255652,3.0497468618602293,40690.0,6.5,17.2,503.72,0.0262963873187515,-0.5999999999999996
BE,2017,2.2,,38980.0,7.2,22.0,7.6,8.31,306.13,562.38,19.13,26.1,3.1,10.570803973061553,3.0022112396517,37810.0,7.9,22.2,304.08,0.030944194657498,-0.7000000000000002
BG,2017,2.1,,7720.0,7.2,38.0,4.9,4.22,444.26,791.46,42.19,40.2,4.0,8.951569643018821,3.7656089869726097,7070.0,8.6,41.0,439.23,0.0919377652050919,-1.3999999999999997
CH,2017,0.4,,74010.0,4.8,18.3,2.1,7.63,425.11,460.29,21.56,30.1,1.7,11.211955498191513,3.1161784266298582,75360.0,5.0,17.9,416.55,-0.0179140127388535,-0.2000000000000001
CY,2017,1.5,,23230.0,11.1,21.4,2.5,2.75,373.51,318.25,44.76,30.8,4.5,10.053199825764455,3.823410347071543,21930.0,13.0,22.6,360.48,0.0592795257637938,-1.9000000000000004
DE,2017,0.3,,40630.0,3.5,18.8,7.0,9.38,423.03,796.74,12.02,29.1,1.6,10.612261988981771,2.5664866367804238,39030.0,3.9,19.8,415.27,0.0409941070971047,-0.3999999999999999
DK,2017,1.0,,51060.0,5.8,17.8,8.7,8.49,408.04,251.82,13.69,27.6,1.2,10.840756690795477,2.6871669901857858,49270.0,6.0,17.5,394.52,0.036330424193221,-0.2000000000000001
EE,2017,11.8,,18480.0,5.8,23.3,5.1,4.76,344.88,458.02,24.81,31.6,2.0,9.824444345195674,3.2507620137305224,16860.0,6.8,23.1,343.29,0.096085409252669,-1.0
ES,2017,0.1,,25160.0,17.2,27.5,5.9,6.27,384.99,295.36,24.09,34.1,7.7,10.133010710814377,3.222469360378331,24190.0,19.6,28.8,378.8,0.0400992145514675,-2.400000000000002
FI,2017,3.6,,40790.0,8.7,16.0,7.1,7.02,275.63,374.78,19.05,25.3,2.6,10.616192232311604,2.998229153752578,39250.0,8.9,16.5,273.47,0.0392356687898089,-0.200000000000001
FR,2017,1.0,,34290.0,9.4,17.8,8.3,9.43,312.11,593.33,10.64,28.8,2.9,10.442609045456964,2.454447442303292,33530.0,10.1,18.7,309.47,0.0226662690128243,-0.6999999999999993
HR,2017,1.6,,12430.0,11.1,23.7,6.8,5.47,349.86,576.46,10.97,29.9,4.5,9.427868184504756,2.482403519569882,11610.0,13.0,23.5,340.26,0.0706287683031869,-1.9000000000000004
HU,2017,1.0,,13080.0,4.0,25.9,4.7,4.64,335.49,708.25,27.25,28.1,1.6,9.47883962501119,3.34109345759245,11950.0,5.0,28.6,324.89,0.0945606694560669,-1.0
IE,2017,2.8,,63960.0,6.7,22.4,4.9,5.02,316.98,289.03,13.11,30.6,3.0,11.06601316694789,2.646883765864722,58060.0,8.4,23.8,307.23,0.1016190148122631,-1.7000000000000002
IS,2017,3.5,,65850.0,2.7,12.6,7.5,6.74,372.56,294.69,16.32,25.2,0.3,11.095134707171429,2.851861903134289,57900.0,3.0,11.8,361.91,0.1373056994818652,-0.2999999999999998
IT,2017,1.8,,29070.0,11.3,25.9,6.8,6.37,403.75,321.9,24.13,32.7,6.9,10.277461993552922,3.2240623515555007,28360.0,11.7,27.8,400.63,0.0250352609308885,-0.3999999999999986
LT,2017,1.5,,14870.0,7.1,29.8,4.6,4.28,458.25,659.55,32.64,37.6,2.7,9.6071010394542,3.5157158351047477,13490.0,7.9,30.0,455.59,0.1022979985174203,-0.8000000000000007
LU,2017,0.3,,97440.0,5.5,19.3,5.0,4.31,334.42,452.85,10.66,29.2,2.1,11.486992082943724,2.4561641809223462,96230.0,6.3,19.1,323.51,0.0125740413592434,-0.7999999999999998
LV,2017,6.2,,13400.0,8.7,28.5,3.6,3.55,324.22,563.13,41.79,34.5,3.6,9.503009985939002,3.7563044304287256,12500.0,9.7,28.2,327.87,0.072,-1.0
MT,2017,0.2,,26820.0,4.0,19.4,4.9,5.23,376.29,425.79,35.22,28.2,2.0,10.196903156835669,3.589611452455267,23900.0,4.7,20.2,353.57,0.1221757322175732,-0.7000000000000002
NL,2017,0.1,,43830.0,5.9,16.6,7.2,8.12,357.19,324.82,11.05,27.1,1.7,10.688073793412856,2.489064659936664,42290.0,7.0,16.3,348.53,0.0364152281863324,-1.0999999999999996
NO,2017,1.3,,69860.0,4.4,15.4,7.2,8.71,430.39,356.65,14.51,26.1,1.5,11.154248518360824,2.7414849771884477,66180.0,4.9,14.4,414.68,0.0556059232396494,-0.5
PL,2017,3.3,b,12360.0,5.0,18.7,4.7,4.53,237.76,662.41,22.74,29.2,1.5,9.422220731011684,3.167161389181522,11270.0,6.3,20.6,241.57,0.0967169476486246,-1.2999999999999998
RO,2017,4.7,,9510.0,6.1,42.5,4.4,4.08,295.29,695.35,20.49,33.1,2.4,9.160099155539436,3.067587710654419,8500.0,7.2,46.0,288.32,0.1188235294117647,-1.1000000000000003
SE,2017,1.4,,47210.0,6.8,17.2,7.1,9.27,419.74,217.46,14.24,28.0,1.1,10.762361013540332,2.7239235502585,46790.0,7.1,17.7,410.59,0.0089762769822611,-0.2999999999999998
SI,2017,3.5,,20630.0,6.6,16.6,6.6,5.96,307.94,446.63,12.32,23.7,3.1,9.934501606065297,2.589266665112243,19380.0,8.0,16.9,299.1,0.0644994840041279,-1.4000000000000004
AT,2018,0.1,,43360.0,5.2,16.8,8.3,7.78,520.56,725.66,19.29,26.8,1.7,10.677292636113528,3.010128153837724,41760.0,5.9,17.1,512.1,0.0383141762452107,-0.7000000000000002
BE,2018,1.8,,40210.0,6.0,20.5,7.6,8.32,312.18,560.85,19.37,25.7,2.6,10.60187099989132,3.0140632302387145,38980.0,7.2,22.0,306.13,0.0315546434068753,-1.2000000000000002
BG,2018,1.9,,8340.0,6.2,33.0,5.0,4.35,444.54,797.89,39.33,39.6,3.7,9.028818495352793,3.697095608885277,7720.0,7.2,38.0,444.26,0.0803108808290155,-1.0
CH,2018,0.7,,73630.0,4.7,17.8,2.1,7.35,432.32,461.13,21.84,29.7,1.7,11.206807830362765,3.128513384787809,74010.0,4.8,18.3,425.11,-0.0051344412917173,-0.0999999999999996
CY,2018,1.4,,24660.0,8.4,19.1,2.6,2.85,398.12,311.06,44.36,29.1,2.7,10.112937776718336,3.814630659419497,23230.0,11.1,21.4,373.51,0.061558329746018,-2.6999999999999997
DE,2018,0.2,,41800.0,3.2,18.5,7.0,9.47,430.5,797.26,12.18,31.1,1.4,10.640651618512848,2.578700529074361,40630.0,3.5,18.8,423.03,0.028796455820822,-0.2999999999999998
DK,2018,1.3,,51950.0,5.1,17.5,8.7,8.49,418.66,253.41,13.82,27.8,1.0,10.858036996527373,2.695977619867941,51060.0,5.8,17.8,408.04,0.017430473952213,-0.7000000000000002
EE,2018,16.4,,20040.0,5.4,23.6,5.3,4.84,347.59,452.51,24.51,30.6,1.3,9.9054855551988,3.23907053215372,18480.0,5.8,23.3,344.88,0.0844155844155844,-0.3999999999999994
ES,2018,0.2,,25950.0,15.3,27.3,6.0,6.28,401.04,296.39,24.15,33.2,6.4,10.163926888594034,3.224857896545748,25160.0,17.2,27.5,384.99,0.0313990461049284,-1.8999999999999984
FI,2018,4.7,,42040.0,7.5,16.6,7.1,7.01,277.62,356.4,18.37,25.9,2.0,10.646376824990888,2.963725477418905,40790.0,8.7,16.0,275.63,0.0306447658739887,-1.1999999999999993
FR,2018,1.2,,35080.0,9.0,17.9,8.2,9.34,312.9,587.48,10.45,28.5,2.5,10.46538644648612,2.4379897300002487,34290.0,9.4,17.8,312.11,0.0230387868183143,-0.4000000000000003
HR,2018,1.4,,13310.0,8.3,22.1,6.9,5.51,354.65,578.53,11.39,29.7,3.4,9.496270911389155,2.516889695641051,12430.0,11.1,23.7,349.86,0.0707964601769911,-2.799999999999999
HU,2018,0.8,,14070.0,3.6,20.6,4.6,4.56,341.0,700.46,26.79,28.7,1.4,9.551800150108434,3.3246762437544124,13080.0,4.0,25.9,335.49,0.0756880733944954,-0.3999999999999999
IE,2018,2.0,,68530.0,5.8,20.8,4.8,4.96,323.1,293.0,12.66,28.9,2.1,11.135026884579869,2.614471854142644,63960.0,6.7,22.4,316.98,0.0714509068167604,-0.9000000000000004
IS,2018,3.4,,65330.0,2.7,11.3,7.6,6.85,384.6,284.04,15.82,23.2,0.3,11.087206627834796,2.822568654544802,65850.0,2.7,12.6,372.56,-0.0078967350037965,0.0
IT,2018,2.4,,29690.0,10.6,25.7,6.7,6.35,401.73,317.22,23.97,33.4,6.5,10.298565567757803,3.217675104291682,29070.0,11.3,25.9,403.75,0.0213278293773649,-0.7000000000000011
LT,2018,2.2,,16300.0,6.2,28.5,4.7,4.35,458.04,640.96,31.52,36.9,2.0,9.698920386794851,3.4818552846796096,14870.0,7.1,29.8,458.25,0.0961667787491593,-0.8999999999999995
LU,2018,0.3,,98870.0,5.6,20.1,5.1,4.43,352.18,446.33,10.44,31.3,1.4,11.501561134891178,2.437115985951652,97440.0,5.5,19.3,334.42,0.014675697865353,0.0999999999999996
LV,2018,6.2,,14620.0,7.4,28.4,4.2,3.84,331.62,551.42,39.18,35.6,3.4,9.59014573330377,3.693369359386789,13400.0,8.7,28.5,324.22,0.0910447761194029,-1.299999999999999
MT,2018,0.2,,28240.0,4.0,19.2,4.9,5.15,390.49,423.56,34.3,28.7,1.9,10.248494691607178,3.563882963939251,26820.0,4.0,19.4,376.29,0.0529455630126771,0.0
NL,2018,0.2,,45690.0,4.9,16.5,7.2,8.09,366.15,317.5,10.79,27.4,1.2,10.729634734557315,2.4672517145492794,43830.0,5.9,16.6,357.19,0.0424366872005475,-1.0
NO,2018,1.4,,72510.0,4.0,15.8,7.0,8.54,445.18,351.28,13.97,24.8,1.3,11.191479762365638,2.706048198431537,69860.0,4.4,15.4,430.39,0.0379330088748926,-0.4000000000000003
PL,2018,4.2,,13280.0,3.9,18.2,4.7,4.47,235.78,653.73,20.42,27.8,1.0,9.494014423030425,3.064325065019603,12360.0,5.0,18.7,237.76,0.0744336569579288,-1.1
RO,2018,4.9,,10510.0,5.3,38.7,4.6,4.43,305.61,698.92,19.46,35.1,2.2,9.260082463870996,3.0184717605234805,9510.0,6.1,42.5,295.29,0.1051524710830704,-0.7999999999999998
SE,2018,1.5,,45770.0,6.5,17.7,7.2,9.4,429.88,212.18,14.22,27.0,0.9,10.731384133647689,2.72261035243354,47210.0,6.8,17.2,419.74,-0.0305020122855327,-0.2999999999999998
SI,2018,3.3,,21940.0,5.1,15.4,6.6,6.08,316.74,441.3,11.98,23.4,2.2,9.99606673382922,2.563409711275944,20630.0,6.6,16.6,307.94,0.0634997576345128,-1.5
AT,2019,0.3,,44570.0,4.8,16.5,8.4,7.91,529.14,718.9,18.76,27.5,1.4,10.704816265940602,2.983659692319722,43360.0,5.2,16.8,520.56,0.0279059040590405,-0.4000000000000003
BE,2019,1.8,b,41730.0,5.5,20.1,7.5,8.08,316.33,556.72,20.6,25.1,2.1,10.6389755735856,3.0726933146901194,40210.0,6.0,20.5,312.18,0.0378015419049987,-0.5
BG,2019,1.4,,9250.0,5.2,33.2,4.6,4.32,446.58,816.07,37.8,40.8,3.0,9.132378830506472,3.658420246629228,8340.0,6.2,33.0,444.54,0.1091127098321343,-1.0
CH,2019,0.7,,76680.0,4.4,19.3,2.1,7.57,434.97,459.34,21.84,30.6,1.5,11.24739619715958,3.128513384787809,73630.0,4.7,17.8,432.32,0.0414233328806193,-0.2999999999999998
CY,2019,1.0,,26110.0,7.2,18.9,3.5,3.79,420.39,306.48,33.73,31.5,2.2,10.170073661693175,3.5476038667559826,24660.0,8.4,19.1,398.12,0.0587996755879967,-1.2000000000000002
CZ,2019,0.5,,21740.0,2.0,12.1,7.4,6.36,406.67,662.59,14.31,24.0,0.6,9.9869091606752,2.728506209669592,20270.0,2.2,11.8,403.0,0.0725209669462259,-0.2000000000000001
DE,2019,0.3,,43030.0,2.9,17.3,7.2,9.67,439.39,791.48,12.38,29.7,1.2,10.669652825832646,2.5937610547000824,41800.0,3.2,18.5,430.5,0.0294258373205741,-0.3000000000000002
DK,2019,1.8,,53040.0,5.0,17.3,8.7,8.53,425.13,248.97,13.79,27.5,0.8,10.878801624859744,2.6939512767227085,51950.0,5.1,17.5,418.66,0.0209817131857555,-0.0999999999999996
EE,2019,15.5,,21490.0,4.5,23.7,5.5,4.95,346.9,453.01,23.92,30.5,0.9,9.975342989636555,3.2156706939192525,20040.0,5.4,23.6,347.59,0.0723552894211576,-0.9000000000000004
ES,2019,0.2,,26620.0,14.1,26.2,6.1,6.4,440.52,294.71,23.85,33.0,5.3,10.189418091949102,3.2128577525426376,25950.0,15.3,27.3,401.04,0.0258188824662813,-1.200000000000001
FI,2019,4.6,,43200.0,6.8,14.5,7.2,7.18,281.55,339.29,17.42,26.2,1.5,10.673595774232204,2.913437030827161,42040.0,7.5,16.6,277.62,0.027592768791627,-0.7000000000000002
FR,2019,1.2,,36090.0,8.4,18.8,8.1,9.26,316.38,579.83,10.32,29.2,2.3,10.493771097636834,2.4265710727750367,35080.0,9.0,17.9,312.9,0.0287913340935005,-0.5999999999999996
HR,2019,1.4,,14130.0,6.6,20.8,7.3,5.56,362.23,583.13,11.46,29.2,2.4,9.556055475678573,2.522523513359307,13310.0,8.3,22.1,354.65,0.0616078136739293,-1.700000000000001
HU,2019,1.0,b,15200.0,3.3,21.1,4.5,4.29,352.12,696.19,27.79,26.8,1.1,9.629050706834368,3.3600281046240843,14070.0,3.6,20.6,341.0,0.0803127221037668,-0.3000000000000002
IE,2019,2.0,b,73230.0,5.0,20.2,4.8,4.89,328.87,285.6,12.66,28.0,1.6,11.201360452055116,2.614471854142644,68530.0,5.8,20.8,323.1,0.0685831022909674,-0.7999999999999998
IT,2019,1.8,,30200.0,9.9,24.6,6.7,6.31,405.07,316.28,23.87,32.8,5.9,10.31559720336296,3.2136622578153133,29690.0,10.6,25.7,401.73,0.0171775008420343,-0.6999999999999993
LT,2019,1.4,,17520.0,6.3,25.5,5.0,4.61,454.2,630.82,32.27,35.4,1.9,9.771098364490385,3.5046560900303856,16300.0,6.2,28.5,458.04,0.0748466257668711,0.0999999999999996
LU,2019,0.2,,100420.0,5.6,20.1,5.2,4.64,363.23,426.45,9.59,32.3,1.3,11.517116669588695,2.359910159613315,98870.0,5.6,20.1,352.18,0.0156771518155153,0.0
LV,2019,4.3,,15450.0,6.3,26.7,4.3,4.13,326.73,542.32,35.11,35.2,2.7,9.645364282325891,3.5865698352893665,14620.0,7.4,28.4,331.62,0.0567715458276333,-1.1000000000000003
MT,2019,0.0,n,28920.0,4.1,20.7,5.1,5.56,402.65,410.39,34.13,28.0,1.0,10.2722886762727,3.559055466277736,28240.0,4.0,19.2,390.49,0.0240793201133144,0.0999999999999996
NL,2019,0.2,,47840.0,4.4,16.5,7.2,8.23,375.45,302.1,10.42,26.8,0.9,10.775617388624513,2.435366204227864,45690.0,4.9,16.5,366.15,0.0470562486320857,-0.5
NO,2019,1.0,,70860.0,3.9,15.6,7.4,8.95,457.79,348.16,13.92,25.4,1.1,11.168461378419464,2.702702594775615,72510.0,4.0,15.8,445.18,-0.0227554820024824,-0.1
PL,2019,4.2,,14190.0,3.3,17.9,4.8,4.59,330.17,617.45,20.09,28.5,0.7,9.560292770154089,3.0487989944906837,13280.0,3.9,18.2,235.78,0.0685240963855421,-0.6000000000000001
RO,2019,4.9,,11520.0,4.9,36.1,5.0,4.61,318.67,705.75,18.88,34.8,2.0,9.351839934249885,2.989714201228428,10510.0,5.3,38.7,305.61,0.0960989533777355,-0.3999999999999994
SE,2019,1.4,,46110.0,6.9,18.4,7.2,9.3,428.79,207.03,13.92,27.6,0.8,10.738785125200751,2.702702594775615,45770.0,6.5,17.7,429.88,0.0074284465807297,0.4000000000000003
SI,2019,2.9,,23050.0,4.4,13.7,6.7,6.23,326.19,443.21,11.66,23.9,1.9,10.045421048424794,2.5384474167160302,21940.0,5.1,15.4,316.74,0.0505925250683682,-0.6999999999999993
AT,2020,0.1,,42650.0,6.0,16.7,9.2,8.72,531.82,705.1,17.17,27.0,1.7,10.660782552919825,2.89977188240808,44570.0,4.8,16.5,529.14,-0.0430783037917881,1.2000000000000002
BE,2020,1.5,,40190.0,5.8,20.3,8.6,8.72,321.43,553.33,19.3,25.3,2.1,10.601373487443247,3.0106208860477417,41730.0,5.5,20.1,316.33,-0.0369039060627845,0.2999999999999998
BG,2020,1.4,,9440.0,6.1,33.5,5.8,5.33,452.72,827.64,35.53,40.0,2.8,9.152711259139547,3.5981338408071912,9250.0,5.2,33.2,446.58,0.0205405405405405,0.8999999999999995
CH,2020,0.5,,76710.0,4.8,18.5,2.5,8.18,438.88,448.07,20.72,31.2,1.5,11.247787356953342,3.078233495065734,76680.0,4.4,19.3,434.97,0.0003912363067292,0.3999999999999994
CY,2020,0.4,,24630.0,7.6,18.2,5.8,6.19,462.96,314.27,21.37,29.3,2.2,10.111720491114584,3.107720775502038,26110.0,7.2,18.9,420.39,-0.0566832631175794,0.3999999999999994
CZ,2020,0.4,,20980.0,2.6,11.5,9.2,7.92,413.52,660.63,11.08,24.2,0.6,9.951324881950288,2.4915511925066687,21740.0,2.0,12.1,406.67,-0.0349586016559337,0.6000000000000001
DE,2020,0.1,b,42020.0,3.6,20.4,8.3,10.69,446.79,781.82,11.34,30.5,1.1,10.645900974398993,2.5128460184772416,43030.0,2.9,17.3,439.39,-0.0234719962816639,0.7000000000000002
DK,2020,1.7,,53540.0,5.6,16.8,9.3,9.02,437.66,248.4,13.38,27.3,0.9,10.888184317074344,2.665838352292901,53040.0,5.0,17.3,425.13,0.0094268476621417,0.5999999999999996
EE,2020,13.0,,20960.0,6.9,22.8,6.5,5.76,347.94,446.33,21.43,30.5,1.2,9.950371138434978,3.110399348532117,21490.0,4.5,23.7,346.9,-0.0246626337831549,2.4000000000000004
ES,2020,0.4,,23850.0,15.5,27.0,7.6,7.78,456.65,295.56,21.66,32.1,5.0,10.079539496316489,3.12060125559986,26620.0,14.1,26.2,440.52,-0.1040570999248685,1.4000000000000004
FI,2020,5.4,,42740.0,7.7,14.9,7.7,7.67,285.59,274.69,16.47,26.5,1.5,10.662890528873138,2.860485124145965,43200.0,6.8,14.5,281.55,-0.0106481481481481,0.9000000000000004
FR,2020,2.7,b,34280.0,8.0,19.0,9.0,10.22,374.05,570.96,9.42,29.2,1.9,10.442317372711717,2.343727036325221,36090.0,8.4,18.8,316.38,-0.0501523967858132,-0.4000000000000003
HR,2020,1.5,,12980.0,7.4,20.5,8.7,6.47,364.3,585.78,10.45,28.3,2.1,9.471164990258082,2.4379897300002487,14130.0,6.6,20.8,362.23,-0.0813871196036801,0.8000000000000007
HU,2020,0.7,,14370.0,4.1,19.4,6.3,5.12,316.53,681.31,26.15,28.2,1.1,9.57289797907307,3.3013770463799443,15200.0,3.3,21.1,352.12,-0.0546052631578947,0.7999999999999998
IE,2020,1.8,b,75820.0,5.9,19.1,5.6,5.42,341.9,285.97,11.44,27.6,1.4,11.236117389070326,2.5209170873110334,73230.0,5.0,20.2,328.87,0.0353680185716236,0.9000000000000004
IS,2020,2.8,,54190.0,5.5,11.7,8.5,7.9,431.97,284.07,14.87,24.0,0.5,10.90025166856016,2.7644305345383176,63430.0,3.5,11.6,389.39,-0.1456723947658836,2.0
LT,2020,1.7,,17890.0,8.5,24.5,5.9,5.2,445.81,597.86,28.66,35.1,2.5,9.791997176502765,3.389799336709786,17520.0,6.3,25.5,454.2,0.0211187214611872,2.2
LU,2020,0.1,b,102190.0,6.8,19.9,5.8,4.99,370.55,419.4,8.39,31.2,1.7,11.534589104606257,2.239645293220172,100420.0,5.6,20.1,363.23,0.017625970922127,1.2000000000000002
LV,2020,5.3,,15370.0,8.1,25.1,4.8,4.77,333.92,528.56,31.87,34.5,2.4,9.640172836532642,3.492560387676128,15450.0,6.3,26.7,326.73,-0.005177993527508,1.7999999999999998
MT,2020,0.0,n,27870.0,4.9,19.9,6.6,6.57,418.63,438.22,30.3,30.3,1.3,10.235306120475991,3.4436180975461075,28920.0,4.1,20.7,402.65,-0.0363070539419087,0.8000000000000007
NL,2020,0.2,,46810.0,4.9,16.0,8.1,9.3,384.71,291.13,9.28,28.2,0.7,10.753852134294116,2.330200260027019,47840.0,4.4,16.5,375.45,-0.0215301003344481,0.5
NO,2020,0.9,,62400.0,4.7,16.3,8.2,9.82,468.17,340.16,13.79,25.3,1.2,11.04132055435752,2.6939512767227085,70860.0,3.9,15.6,457.79,-0.1193903471634208,0.8000000000000003
PL,2020,1.9,,14310.0,3.2,17.0,5.3,4.64,336.03,625.38,19.53,27.2,0.6,9.568713872550497,3.0218872310308424,14190.0,3.3,17.9,330.17,0.0084566596194503,-0.0999999999999996
RO,2020,4.7,,11390.0,6.1,35.6,5.5,5.01,332.86,712.12,19.03,33.8,1.8,9.340491056441229,2.997231149677727,11520.0,4.9,36.1,318.67,-0.0112847222222222,1.1999999999999993
SE,2020,1.5,,46180.0,8.5,17.7,7.5,9.85,432.21,204.61,12.92,26.9,1.0,10.740302082908489,2.633326654906273,46110.0,6.9,18.4,428.79,0.0015181088700932,1.5999999999999996
SI,2020,2.7,,22230.0,5.0,14.3,8.0,6.94,330.29,427.79,12.47,23.5,1.9,10.009198006958242,2.6004649904222727,23050.0,4.4,13.7,326.19,-0.0355748373101952,0.5999999999999996
AT,2021,0.3,,45380.0,6.2,17.3,10.1,9.47,540.91,691.47,16.03,26.7,2.0,10.722826758333833,2.834976494674597,42650.0,6.0,16.7,531.82,0.0640093786635404,0.2000000000000001
BE,2021,1.7,,43680.0,6.3,19.0,8.4,8.48,324.78,549.22,20.34,24.1,2.6,10.684645610418787,3.060583245873607,40190.0,5.8,20.3,321.43,0.0868375217715849,0.5
BG,2021,1.0,,10960.0,5.2,31.7,5.8,5.58,454.0,837.38,33.73,39.7,2.6,9.302007560502007,3.5476038667559826,9440.0,6.1,33.5,452.72,0.1610169491525423,-0.8999999999999995
CH,2021,0.5,,81610.0,5.1,17.6,2.7,7.95,443.6,443.35,21.36,31.4,1.9,11.309707082463287,3.1072736482868986,76710.0,4.8,18.5,438.88,0.0638769391213661,0.2999999999999998
CY,2021,0.2,,27850.0,7.2,17.3,6.5,7.01,490.81,311.21,16.23,29.3,2.5,10.23458824535543,2.8466520505398383,24630.0,7.6,18.2,462.96,0.1307348761672757,-0.3999999999999994
CZ,2021,0.3,,23430.0,2.8,10.7,9.5,7.94,425.59,666.58,12.48,24.8,0.8,10.06177253150184,2.601207105484161,20980.0,2.6,11.5,413.52,0.1167778836987607,0.1999999999999997
DE,2021,0.1,,44910.0,3.6,21.0,8.5,10.91,452.97,776.02,11.36,31.2,1.2,10.712415766081785,2.514465452029545,42020.0,3.6,20.4,446.79,0.0687767729652546,0.0
DK,2021,1.3,,58640.0,5.1,17.3,9.4,9.06,449.81,240.94,13.3,27.0,1.0,10.979172336560532,2.660259537265861,53540.0,5.6,16.8,437.66,0.0952558834516249,-0.5
EE,2021,8.1,,23650.0,6.2,22.2,6.5,5.69,343.22,439.47,22.15,30.6,1.6,10.07111839392008,3.1419947805322432,20960.0,6.9,22.8,347.94,0.1283396946564885,-0.7000000000000002
ES,2021,1.1,,26090.0,14.9,27.8,7.2,7.51,448.67,295.92,21.3,33.0,6.2,10.169307378130776,3.104586678466073,23850.0,15.5,27.0,456.65,0.0939203354297694,-0.5999999999999996
FI,2021,4.4,,44890.0,7.7,14.2,7.8,7.84,285.47,278.94,16.66,25.7,1.8,10.711970331775978,2.8713021951758138,42740.0,7.7,14.9,285.59,0.0503041647168928,0.0
FR,2021,2.8,,36920.0,7.9,19.0,9.4,10.36,378.27,560.46,9.17,29.3,2.3,10.516508688616788,2.3194422100604686,34280.0,8.0,19.0,374.05,0.0770128354725787,-0.0999999999999996
HR,2021,1.7,,15070.0,7.5,20.9,8.4,6.91,377.96,578.03,9.4,29.2,2.7,9.620461291620542,2.341805806147327,12980.0,7.4,20.5,364.3,0.1610169491525423,0.0999999999999996
HU,2021,1.1,,16090.0,4.0,19.6,5.9,5.31,332.53,684.12,24.64,27.4,1.3,9.685953239986429,3.2441536320524693,14370.0,4.1,19.4,316.53,0.1196938065414057,-0.0999999999999996
IE,2021,2.1,,88070.0,6.2,19.6,5.1,4.95,396.35,285.04,11.53,26.6,1.8,11.385887231799504,2.528125768907977,75820.0,5.9,19.1,341.9,0.1615668689000264,0.2999999999999998
IT,2021,1.8,,31160.0,9.5,25.2,7.4,6.92,529.31,312.39,22.81,32.9,5.4,10.346890499984683,3.170105660498771,30200.0,9.9,24.6,405.07,0.0317880794701986,-0.4000000000000003
LT,2021,2.4,,20190.0,7.1,23.5,5.8,5.32,446.27,603.8,29.93,35.4,2.6,9.912942711306885,3.4317265866969784,17890.0,8.5,24.5,445.81,0.1285634432643935,-1.4000000000000004
LU,2021,1.0,b,113920.0,5.3,21.1,5.4,4.83,379.81,414.33,8.8,29.6,1.8,11.643251726645802,2.2823823856765264,102190.0,6.8,19.9,370.55,0.1147861826010372,-1.5
LV,2021,4.0,,17130.0,7.6,26.1,6.5,6.54,335.79,516.43,26.98,35.7,2.3,9.748586591318166,3.331489969237335,15370.0,8.1,25.1,333.92,0.1145087833441769,-0.5
MT,2021,0.1,,32190.0,3.8,20.3,6.1,6.42,434.62,414.75,29.67,31.2,1.0,10.379411124292854,3.4232849781261603,27870.0,4.9,19.9,418.63,0.155005382131324,-1.1000000000000003
NL,2021,0.2,,50850.0,4.2,16.6,8.3,9.33,391.81,295.23,10.91,26.4,0.8,10.836635401476704,2.477378383367209,46810.0,4.9,16.0,384.71,0.08630634479812,-0.7000000000000002
NO,2021,0.8,b,81520.0,4.4,16.7,7.3,8.43,476.78,339.98,13.85,25.9,1.0,11.308603667896609,2.6979998652487085,62400.0,4.7,16.3,468.17,0.3064102564102564,-0.2999999999999998
PL,2021,2.7,,15770.0,3.4,16.8,5.7,4.61,351.24,640.17,19.85,26.8,0.9,9.665864679957084,3.03735394824481,14310.0,3.2,17.0,336.03,0.1020265548567435,0.1999999999999997
RO,2021,4.4,,12590.0,5.6,34.4,5.5,5.08,350.88,720.56,20.94,34.3,2.0,9.440658127038391,3.088311454847084,11390.0,6.1,35.6,332.86,0.1053555750658472,-0.5
SE,2021,1.3,,51260.0,8.9,17.2,7.5,9.72,440.83,200.23,13.09,26.8,1.8,10.844665999918062,2.645465325910589,46180.0,8.5,17.7,432.21,0.1100043308791684,0.4000000000000003
SI,2021,4.8,,24690.0,4.8,13.2,8.3,7.03,334.38,424.94,12.88,23.0,1.9,10.114153582339226,2.6304489550786583,22230.0,5.0,14.3,330.29,0.1106612685560054,-0.2000000000000001
AT,2022,0.5,,49640.0,4.8,17.5,9.4,8.64,544.6,671.75,16.29,27.8,1.2,10.812552239318544,2.850128299695199,45380.0,6.2,17.3,540.91,0.0938739532833847,-1.4000000000000004
BE,2022,1.0,,48090.0,5.6,18.6,7.8,7.96,326.36,544.27,21.41,24.7,2.3,10.780829534271708,3.109507287812836,43680.0,6.3,19.0,324.78,0.1009615384615384,-0.7000000000000002
BG,2022,1.0,,13310.0,4.2,32.2,5.5,4.85,456.88,846.19,35.08,38.4,2.2,9.496270911389155,3.585738695194423,10960.0,5.2,31.7,454.0,0.2144160583941605,-1.0
CH,2022,0.8,,92900.0,4.1,18.7,2.2,7.65,448.46,442.07,21.74,31.0,1.5,11.439278924801927,3.12412548832239,81610.0,5.1,17.6,443.6,0.1383408895968631,-1.0
CY,2022,0.2,,31560.0,6.3,17.5,5.9,6.31,510.85,308.23,18.04,29.0,2.1,10.35964577495981,2.9465420293632194,27850.0,7.2,17.3,490.81,0.1332136445242369,-0.9000000000000004
CZ,2022,0.2,,26670.0,2.2,11.8,8.8,7.2,422.17,654.24,14.29,24.8,0.6,10.19129461717606,2.727199019940971,23430.0,2.8,10.7,425.59,0.1382842509603073,-0.5999999999999996
DE,2022,0.3,,48340.0,3.1,21.1,8.3,10.7,458.35,771.97,10.43,29.0,1.1,10.786014654257476,2.4362414778067194,44910.0,3.6,21.0,452.97,0.0763749721665553,-0.5
DK,2022,2.1,,64430.0,4.5,17.1,8.3,8.04,448.01,237.5,13.19,27.7,0.5,11.073334642132687,2.6525374911719517,58640.0,5.1,17.3,449.81,0.098738062755798,-0.5999999999999996
EE,2022,9.1,,27260.0,5.6,25.2,5.9,5.21,347.19,419.1,23.14,31.9,1.3,10.213175705250524,3.1838702156693857,23650.0,6.2,22.2,343.22,0.1526427061310782,-0.6000000000000005
ES,2022,1.2,,28790.0,13.0,26.0,6.8,7.05,433.11,294.13,21.03,32.0,5.1,10.267783383606222,3.092405160814252,26090.0,14.9,27.8,448.67,0.1034879264085856,-1.9000000000000004
FI,2022,6.5,,47890.0,6.8,16.3,7.5,7.75,287.23,261.51,16.1,26.6,1.5,10.776661993336656,2.8390784635086144,44890.0,7.7,14.2,285.47,0.0668300289596792,-0.9000000000000004
FR,2022,3.2,b,38920.0,7.3,20.7,9.1,10.0,382.48,548.33,9.25,29.8,2.0,10.56926353629994,2.327277705584417,36920.0,7.9,19.0,378.27,0.0541711809317443,-0.6000000000000005
HR,2022,1.3,,17540.0,6.8,19.9,7.8,6.23,396.0,583.78,9.19,28.5,2.4,9.772239265926174,2.321406847234633,15070.0,7.5,20.9,377.96,0.1639017916390179,-0.7000000000000002
HU,2022,1.4,,17550.0,3.6,18.8,5.1,4.87,348.49,668.04,24.01,26.9,1.2,9.772809228894012,3.219275744889528,16090.0,4.0,19.6,332.53,0.0907395898073337,-0.3999999999999999
IE,2022,2.7,,100140.0,4.5,19.6,4.7,4.61,329.57,287.92,11.55,26.9,1.3,11.514324485883936,2.529720665577793,88070.0,6.2,19.6,396.35,0.1370500738049279,-1.7000000000000002
IT,2022,1.8,,33860.0,8.1,24.4,6.9,6.52,536.52,308.76,23.32,32.7,4.6,10.429989655687129,3.1912990570979662,31160.0,9.5,25.2,529.31,0.0866495507060333,-1.4000000000000004
LT,2022,2.9,,23690.0,6.0,24.6,5.2,4.85,444.27,568.05,31.8,36.2,2.3,10.07280829715283,3.490428515390098,20190.0,7.1,23.5,446.27,0.1733531451213472,-1.0999999999999996
LU,2022,0.5,b,117100.0,4.6,19.4,5.4,4.83,390.6,399.48,8.67,29.1,1.3,11.670783549585808,2.269028309465203,113920.0,5.3,21.1,379.81,0.0279143258426966,-0.7000000000000002
LV,2022,5.4,,19130.0,6.9,26.0,5.6,5.26,340.06,502.88,30.74,34.3,2.0,9.8590130624343,3.457577715098263,17130.0,7.6,26.1,335.79,0.1167542323409223,-0.6999999999999993
MT,2022,0.3,,33810.0,3.5,20.1,5.5,6.19,448.87,406.32,30.02,31.1,1.2,10.428511895701932,3.4346321577483927,32190.0,3.8,20.3,434.62,0.0503261882572227,-0.2999999999999998
NL,2022,0.2,,56140.0,3.5,16.5,7.2,8.31,394.04,244.93,11.93,26.3,0.7,10.935603849915871,2.559550192783766,50850.0,4.2,16.6,391.81,0.1040314650934119,-0.7000000000000002
NO,2022,1.2,,107660.0,3.2,16.3,5.8,6.78,490.79,334.83,14.08,27.5,0.6,11.58673339211495,2.71336936257981,81520.0,4.4,16.7,476.78,0.320657507360157,-1.2000000000000002
PL,2022,2.3,,17520.0,2.9,15.9,5.2,4.8,356.92,629.49,18.43,26.3,0.9,9.771098364490385,2.9668182633893485,15770.0,3.4,16.8,351.24,0.1109701965757768,-0.5
RO,2022,4.9,,14740.0,5.6,34.4,5.0,4.53,364.79,727.71,21.42,32.0,2.2,9.598320165743328,3.109953417644014,12590.0,5.6,34.4,350.88,0.17077045274027,0.0
SE,2022,1.8,,51980.0,7.5,18.6,7.2,9.4,447.39,189.96,13.13,27.6,1.9,10.85861430819548,2.6483001966964363,51260.0,8.9,17.2,440.83,0.0140460397971127,-1.4000000000000004
SI,2022,3.7,,26970.0,4.0,13.3,7.7,7.12,337.01,412.11,12.43,23.1,1.6,10.202480416133776,2.5974910105351463,24690.0,4.8,13.2,334.38,0.0923450789793438,-0.7999999999999998
AT,2023,0.6,,52330.0,5.1,17.7,9.0,8.47,551.44,660.4,16.48,28.1,1.1,10.865325099366254,2.8610573702273894,49640.0,4.8,17.5,544.6,0.0541901692183722,0.2999999999999998
BE,2023,1.1,,51090.0,5.5,18.8,7.8,7.87,337.21,539.11,21.51,24.3,2.2,10.841344062324843,3.113959654918641,48090.0,5.6,18.6,326.36,0.0623830318153462,-0.0999999999999996
BG,2023,1.1,,14660.0,4.3,30.0,5.4,5.0,462.97,864.39,35.5,37.2,2.3,9.592877975440642,3.597312260588446,13310.0,4.2,32.2,456.88,0.1014274981217129,0.0999999999999996
CH,2023,1.3,,96280.0,4.1,19.5,2.2,7.6,454.95,436.64,22.03,31.5,1.3,11.475015891897009,3.136797713832594,92900.0,4.1,18.7,448.46,0.0363832077502691,0.0
CY,2023,0.1,,33870.0,5.8,17.4,6.0,6.03,534.5,298.21,17.94,29.3,1.8,10.430284945811817,2.9412760877579323,31560.0,6.3,17.5,510.85,0.0731939163498098,-0.5
CZ,2023,0.4,,29330.0,2.6,12.0,8.8,7.08,421.76,640.65,14.6,24.4,0.8,10.286366161971497,2.747270914255491,26670.0,2.2,11.8,422.17,0.0997375328083989,0.3999999999999999
DE,2023,0.2,e,50660.0,3.1,21.3,7.4,10.01,466.27,766.45,11.05,29.4,1.0,10.832891923555666,2.489064659936664,48340.0,3.1,21.1,458.35,0.0479933802234174,0.0
DK,2023,2.7,,62910.0,5.1,17.9,8.3,7.97,453.04,232.81,13.98,28.2,0.5,11.049460412564075,2.7067159780890733,64430.0,4.5,17.1,448.01,-0.0235914946453515,0.5999999999999996
EE,2023,12.9,,28080.0,6.4,24.2,6.2,5.64,348.25,411.59,22.1,31.8,1.3,10.242812858139748,3.139832617527748,27260.0,5.6,25.2,347.19,0.0300807043286867,0.8000000000000007
ES,2023,1.8,,30980.0,12.2,26.5,6.6,6.75,438.86,288.06,20.86,31.5,4.3,10.34109711397086,3.0846584827483925,28790.0,13.0,26.0,433.11,0.0760680791941646,-0.8000000000000007
FI,2023,7.9,,48950.0,7.2,15.8,7.6,8.48,288.36,259.51,14.09,26.6,1.6,10.798554647958657,2.714032272779757,47890.0,6.8,16.3,287.23,0.0221340572144497,0.4000000000000003
FR,2023,3.7,,41340.0,7.3,20.4,8.8,9.71,389.6,540.22,9.26,29.7,1.8,10.62958583323576,2.3282528397426234,38920.0,7.3,20.7,382.48,0.0621788283658787,0.0
HR,2023,1.0,b,20530.0,6.1,20.7,7.7,5.98,401.41,565.45,9.38,29.7,2.1,9.92964251001298,2.3398808777377424,17540.0,6.8,19.9,396.0,0.1704675028506271,-0.7000000000000002
HU,2023,1.0,,20540.0,4.1,19.7,4.7,4.71,362.2,650.85,23.06,28.6,1.4,9.930129483482547,3.180550710546533,17550.0,3.6,18.8,348.49,0.1703703703703703,0.4999999999999995
IE,2023,2.7,,99080.0,4.3,19.2,5.4,4.89,379.08,289.41,11.3,27.4,1.1,11.503682883603297,2.509599262378372,100140.0,4.5,19.6,329.57,-0.0105851807469542,-0.2000000000000001
IT,2023,1.8,,36330.0,7.7,22.8,6.5,6.11,535.26,304.1,23.65,31.5,4.2,10.500399125215248,3.204776900488699,33860.0,8.1,24.4,536.52,0.0729474305965741,-0.3999999999999994
LT,2023,3.8,,25880.0,6.9,24.3,5.2,4.89,461.63,548.37,31.02,35.7,2.3,10.161225748614838,3.4663607075685685,23690.0,6.0,24.6,444.27,0.0924440692275221,0.9000000000000004
LU,2023,0.8,,122970.0,5.2,21.4,5.4,4.78,400.34,393.89,8.77,30.6,1.7,11.719695702166494,2.2793164660546914,117100.0,4.6,19.4,390.6,0.050128095644748,0.6000000000000005
LV,2023,7.8,,21030.0,6.5,25.6,5.4,4.32,336.04,495.99,35.06,34.0,1.8,9.953705268696746,3.585184217775171,19130.0,6.9,26.0,340.06,0.0993204391008886,-0.4000000000000003
MT,2023,0.1,,37800.0,3.5,19.8,5.0,5.73,455.0,397.29,30.93,33.0,0.8,10.54006438160768,3.4635460067266908,33810.0,3.5,20.1,448.87,0.1180124223602484,0.0
NL,2023,0.3,,58740.0,3.6,15.8,7.1,8.27,391.48,231.08,12.03,26.5,0.5,10.980876204752612,2.567254391136754,56140.0,3.5,16.5,394.04,0.046312789454934,0.1
PL,2023,3.6,,19980.0,2.8,16.3,5.7,5.54,385.56,627.1,15.85,27.0,0.8,9.902487052202543,2.8243506567983707,17520.0,2.9,15.9,356.92,0.1404109589041096,-0.1
RO,2023,5.2,,16870.0,5.6,32.0,4.8,4.39,372.3,728.43,22.96,31.0,2.2,9.733292175540011,3.1763857732472487,14740.0,5.6,34.4,364.79,0.1445047489823609,0.0
SI,2023,3.8,,30200.0,3.7,13.7,7.3,6.83,350.4,404.77,12.39,23.4,1.4,10.31559720336296,2.594508159703081,26970.0,4.0,13.3,337.01,0.1197626992955135,-0.2999999999999998
